Homo sapiens,Saccharomyces cerevisiae,Relations,ID
26155,854381,01:01,960108
29101,855499,01:01,
65220,855913,01:01,
2782,854387,n:1,593763
11079,850354,01:01,894127
5192,851858,01:01,724714
8514,855385,n:m,
8514,856017,n:m,
6146,850509,n:1,
23463,852019,01:01,721746
2023,853169,n:m,960120
2023,856579,n:m,
2023,855373,n:m,
2023,854575,n:m,
155184,851352,n:m,
155184,851943,n:m,
155184,851944,n:m,
155184,851946,n:m,
155184,851995,n:m,
155184,852108,n:m,
155184,852149,n:m,
155184,856640,n:m,
155184,850536,n:m,
155184,856492,n:m,
155184,856494,n:m,
155184,856496,n:m,
155184,853236,n:m,
155184,853216,n:m,
155184,853623,n:m,
155184,850770,n:m,
155184,855023,n:m,
155184,855398,n:m,
155184,855809,n:m,
155184,854009,n:m,
155184,854050,n:m,
6518,851352,n:m,
6518,851943,n:m,
6518,851944,n:m,
6518,851946,n:m,
6518,851995,n:m,
6518,852108,n:m,
6518,852149,n:m,
6518,856640,n:m,
6518,850536,n:m,
6518,856492,n:m,
6518,856494,n:m,
6518,856496,n:m,
6518,853236,n:m,
6518,853216,n:m,
6518,853623,n:m,
6518,850770,n:m,
6518,855023,n:m,
6518,855398,n:m,
6518,855809,n:m,
6518,854009,n:m,
6518,854050,n:m,
84275,852491,n:m,
84275,854672,n:m,
84275,854811,n:m,769043
84275,856712,n:m,
5226,853172,1:m,
5226,856589,1:m,944839
6723,856182,01:01,911196
2475,853529,1:m,
2475,853632,1:m,737930
4524,852752,01:01,775155
9249,851146,01:01,
284723,853739,n:1,
23400,854466,n:1,
6390,850685,01:01,901455
8659,856432,01:01,530735
51154,853860,01:01,889458
54896,852444,1:m,922319
54896,854061,1:m,
832,854777,01:01,537097
978,850946,01:01,899888
HUMAN00420,856716,01:01,870715
998,850930,01:01,564951
6920,852839,n:1,
6135,852976,1:m,
6135,856217,1:m,960870
11313,850809,n:1,919745
HUMAN00494,855316,01:01,
79947,852287,01:01,961080
84243,850947,n:1,
54707,854436,01:01,892838
23673,854201,n:1,575452
HUMAN00583,855404,n:1,945090
1104,852782,01:01,593917
51102,852314,01:01,874775
347735,851682,n:1,
23633,855532,n:1,557172
8668,855177,01:01,593648
3065,855386,n:1,
5928,856654,n:1,537039
204,851812,01:01,959449
5690,856731,01:01,958228
27095,853942,n:1,957638
10946,851531,01:01,917485
51118,853762,01:01,911447
51440,851979,n:1,
54802,854448,01:01,
10487,855584,n:1,756614
10269,853581,01:01,703982
1503,852241,n:m,961334
1503,853567,n:m,
79717,854726,01:01,932911
6513,851352,n:m,
6513,851943,n:m,
6513,851944,n:m,
6513,851946,n:m,
6513,851995,n:m,
6513,852108,n:m,
6513,852149,n:m,
6513,856640,n:m,
6513,850536,n:m,
6513,856492,n:m,
6513,856494,n:m,
6513,856496,n:m,
6513,853236,n:m,
6513,853216,n:m,
6513,853623,n:m,
6513,850770,n:m,
6513,855023,n:m,
6513,855398,n:m,
6513,855809,n:m,
6513,854009,n:m,
6513,854050,n:m,
64834,851087,n:1,
9670,854331,n:1,
1802,853643,01:01,941821
HUMAN00873,856421,01:01,879234
6202,852206,01:01,961001
8891,854434,01:01,593959
7389,851617,01:01,745570
5052,852064,n:m,
5052,854980,n:m,958025
10327,852446,n:m,
10327,851974,n:m,
10327,856504,n:m,
10327,853559,n:m,
10327,854287,n:m,
260293,855029,01:01,
51727,853844,n:1,959451
1996,850346,n:m,
1996,855728,n:m,
112970,853750,01:01,885696
91408,856070,n:1,909682
2882,852546,n:m,903968
2882,854855,n:m,
2882,853842,n:m,
HUMAN01024,851285,01:01,853479
54987,850452,01:01,891087
7268,852452,01:01,797941
25973,856820,01:01,956224
5563,852088,n:1,594445
55277,851687,01:01,712409
51361,852794,n:1,
HUMAN01099,854163,01:01,593841
5236,853732,n:m,
5236,855131,n:m,899138
205,856917,n:1,959453
1491,851221,01:01,842022
127253,852832,01:01,
5876,856306,01:01,935725
4438,850545,01:01,959211
10026,851931,01:01,537869
11080,855725,n:1,
5567,853275,n:m,
5567,853688,n:m,
5567,855898,n:m,595159
80135,856488,01:01,
2959,856201,01:01,593691
56267,853386,n:1,871685
6125,855972,01:01,905135
50999,851226,n:m,
50999,854181,n:m,
199857,852362,01:01,
51375,853416,n:1,
178,856314,01:01,846469
54482,853995,01:01,724514
148867,855284,n:m,
148867,854494,n:m,
51611,850869,01:01,945564
6814,851742,n:1,
6301,851587,01:01,932599
5686,853168,01:01,530162
2773,856741,n:m,
2773,856394,n:m,
2780,856741,n:m,
2780,856394,n:m,
10390,856523,n:1,730727
27159,851977,n:1,855967
515,856027,01:01,
5906,853056,n:1,564965
829,853862,n:1,
389,856294,n:1,
6566,855598,01:01,
10717,853723,01:01,
HUMAN01454,854973,n:1,
6847,851879,n:1,
476,851608,n:m,
476,851609,n:m,712690
476,851610,n:m,
10905,853595,n:1,
10885,850820,01:01,593660
10352,851861,01:01,955813
3158,854913,n:1,
9554,850973,01:01,883054
440686,852295,n:1,
644591,851733,n:m,
644591,851898,n:m,
644591,856454,n:m,
644591,854897,n:m,
653598,851733,n:m,
653598,851898,n:m,
653598,856454,n:m,
653598,854897,n:m,
653604,852295,n:1,
121504,852294,n:1,588997
653604,852295,n:1,
723790,852283,n:m,
723790,851811,n:m,
723790,852283,n:m,
723790,851811,n:m,
653604,852295,n:1,
121504,852294,n:1,
8349,852284,n:m,
8349,851810,n:m,
8338,852283,n:m,
8338,851811,n:m,
317772,852283,n:m,
317772,851811,n:m,
11311,852785,01:01,785277
55204,851978,n:1,
58497,856608,01:01,941282
5710,856607,01:01,953566
5692,850611,01:01,960770
5872,850543,n:1,
6232,856415,n:m,
6232,853700,n:m,
7170,855645,n:1,
80308,855216,01:01,
5313,851193,n:m,
5313,854529,n:m,950594
2224,853272,01:01,951601
7203,853438,01:01,584367
128240,855521,01:01,735482
8407,854549,01:01,589362
93183,853470,01:01,900731
477,851608,n:m,
477,851609,n:m,
477,851610,n:m,
480,851608,n:m,
480,851609,n:m,
480,851610,n:m,
1314,851410,01:01,593680
HUMAN01996,854459,01:01,731400
5202,856715,01:01,822383
4817,853316,01:01,806496
5498,856733,01:01,
84134,855243,n:1,
3310,851259,n:m,
3310,852203,n:m,
3310,856840,n:m,
3310,850636,n:m,
11266,854844,01:01,817830
6675,851455,n:1,820740
51478,850790,01:01,819452
83540,854085,01:01,
25874,856567,01:01,
261726,856153,01:01,
149281,852564,n:1,
9588,852215,01:01,
55157,856000,01:01,913139
2752,856147,01:01,871596
7175,853970,01:01,593988
127124,856435,n:1,
779,853131,n:1,
55705,852610,01:01,931018
10440,853298,n:1,827623
51094,852102,n:m,
51094,854160,n:m,752501
51706,854768,n:m,888088
51706,853707,n:m,
51706,854914,n:m,
51706,854887,n:m,
1116,851977,n:1,
1118,851977,n:1,
493,852878,n:1,
6635,854330,01:01,885598
127845,855337,n:1,
5929,851265,01:01,731174
148811,853267,01:01,
1510,855949,n:1,
1939,851695,01:01,932424
5208,853286,n:1,
55432,850500,01:01,944293
57172,854144,01:01,
3290,855266,n:1,
27042,854717,01:01,943503
7779,855284,n:m,893186
7779,854494,n:m,
1063,851727,n:1,
51018,856264,01:01,
55532,855284,n:m,
55532,854494,n:m,
55699,856067,01:01,531127
4931,850625,01:01,593949
29097,852511,n:m,
29097,852826,n:m,
3930,855441,n:1,
9725,850942,n:m,
9725,855308,n:m,
29920,856744,n:1,
3020,852295,n:1,538850
56997,852758,n:1,855839
375,851335,n:m,
375,851418,n:m,853160
HUMAN02601,852065,01:01,921141
92815,852283,n:m,
92815,851811,n:m,
128312,852284,n:m,
128312,851810,n:m,
58,850504,n:1,
23456,850885,n:m,
23456,855858,n:m,593606
9804,852973,n:1,870335
9453,856036,01:01,
56605,854909,n:1,540639
2271,855866,01:01,958658
8564,852179,01:01,713388
159,855501,n:1,955650
347688,850506,n:1,
23560,856012,01:01,952612
91734,855986,n:1,
3422,855986,n:1,828137
5214,853155,n:m,923687
5214,855245,n:m,
10531,852041,01:01,931918
83592,852446,n:m,
83592,851974,n:m,
83592,856504,n:m,879848
83592,853559,n:m,
83592,854287,n:m,
1645,852446,n:m,
1645,851974,n:m,
1645,856504,n:m,
1645,853559,n:m,
1645,854287,n:m,
1646,852446,n:m,
1646,851974,n:m,
1646,856504,n:m,
1646,853559,n:m,
1646,854287,n:m,
8644,852446,n:m,
8644,851974,n:m,
8644,856504,n:m,
8644,853559,n:m,
8644,854287,n:m,
1109,852446,n:m,
1109,851974,n:m,
1109,856504,n:m,
1109,853559,n:m,879885
1109,854287,n:m,
51806,852772,n:1,
810,852406,n:1,
2665,856876,n:1,
5209,853286,n:1,759745
509,852327,01:01,904277
26019,856476,01:01,538199
55176,851095,n:1,958339
HUMAN02872,852408,01:01,922243
8872,850912,01:01,952569
414149,852925,n:1,
9397,850892,n:1,
9200,853348,n:1,920911
8027,856387,n:1,594302
22921,850324,n:1,
22931,850543,n:1,
9790,855884,01:01,724766
100287932,855751,01:01,
1103,854965,n:1,
55753,854681,n:1,
7321,852376,n:m,
7321,851631,n:m,
64081,856424,01:01,
1763,856569,01:01,897293
8034,856391,n:m,
8034,856121,n:m,769029
9559,853393,n:1,
56681,855883,n:1,853158
8879,851888,01:01,910180
55315,851211,n:1,
5532,851153,n:m,
5532,854946,n:m,
HUMAN03303,852696,01:01,
132,853569,01:01,862873
7417,854692,n:m,
7417,855669,n:m,960393
11128,854283,01:01,956664
10105,851733,n:m,594405
10105,851898,n:m,
10105,856454,n:m,
10105,854897,n:m,
143244,853506,n:1,
4143,852113,n:m,
4143,850877,n:m,953281
2746,851237,n:m,
2746,854557,n:m,950077
9562,851299,1:m,
9562,852389,1:m,
9562,852390,1:m,
9562,856625,1:m,
84896,852915,01:01,593976
142910,853717,n:1,
8513,853717,n:1,
643414,853717,n:1,882609
643418,853717,n:1,
340654,853717,n:1,
59,850504,n:1,
3988,853717,n:1,
387700,853659,n:m,
387700,854030,n:m,
387700,854483,n:m,
10556,856459,01:01,917789
9044,856023,01:01,818087
3416,851105,01:01,852433
54536,852618,n:1,
159371,855864,01:01,
64318,850688,01:01,941614
3070,850599,01:01,594318
23223,856095,01:01,960194
5223,853705,n:1,759744
64210,854678,01:01,873452
2805,850714,n:1,885544
81894,853308,n:m,
81894,853926,n:m,769021
57089,856722,n:1,778815
1355,856884,01:01,954452
1244,851713,n:1,593889
55280,852985,01:01,
25956,851332,n:1,896932
81855,854445,n:1,
83401,850400,n:m,
83401,853243,n:m,
10121,856530,n:1,
729020,853322,n:1,
6877,852497,01:01,593734
22984,855269,01:01,574198
7511,850630,01:01,893357
9126,853371,01:01,593676
51703,854808,n:m,
51703,856734,n:m,
51703,855288,n:m,
51703,854495,n:m,
143187,855237,n:1,795937
55088,854370,n:1,
8661,852371,01:01,593762
10935,852064,n:m,958026
10935,854980,n:m,
7073,855716,n:1,
196051,851878,n:1,
9184,854191,01:01,
4942,851158,01:01,918223
399818,854746,01:01,872143
1488,856814,01:01,
7390,854452,01:01,813174
56647,851963,01:01,945284
10539,856921,01:01,802094
55844,852685,n:1,912118
10570,854845,n:1,
196743,855034,n:1,
23410,856092,n:1,745094
5719,852037,01:01,538632
6888,852934,1:m,
6888,851068,1:m,916072
6181,851990,1:m,942436
6181,854118,1:m,
5441,854385,01:01,941414
161,852243,n:1,
1509,855949,n:1,768453
4676,853922,n:1,
833,855474,01:01,925498
4928,852788,01:01,594045
6240,854744,1:m,
6240,856801,1:m,816321
27288,852042,n:1,
51700,854768,n:m,
51700,853707,n:m,
51700,854914,n:m,888101
51700,854887,n:m,
6157,852775,01:01,954963
10527,853596,n:1,961030
272,854973,n:1,
9646,854020,01:01,593717
283106,854776,n:1,
1315,851824,01:01,537125
5682,855362,01:01,530167
6207,851636,01:01,933442
7251,850349,01:01,594072
54503,851857,n:m,
54503,854199,n:m,
1479,855083,01:01,
55226,855591,01:01,956969
847,851843,01:01,780369
51074,853481,01:01,932344
51144,852456,n:1,566477
91252,854789,01:01,594255
5702,854284,01:01,593653
2346,853590,n:1,
6749,854933,01:01,536967
29015,855261,n:1,594376
8501,855261,n:1,
26519,856395,01:01,847884
219539,852231,n:1,
HUMAN04561,854424,01:01,943682
5007,856472,01:01,
HUMAN04607,855221,n:m,
HUMAN04607,855844,n:m,
51296,853968,n:1,
643834,855949,n:1,
643847,855949,n:1,
5222,855949,n:1,
26007,850491,1:m,
26007,854932,1:m,930843
54949,854083,01:01,946699
2237,853747,01:01,960004
1937,853781,1:m,
1937,856059,1:m,927015
23193,852530,n:1,750212
5436,852013,01:01,925447
10482,855934,01:01,557381
6811,850713,01:01,959645
10963,854192,01:01,593882
83707,854051,01:01,947255
2286,852131,01:01,897526
51504,855782,01:01,872727
25824,850799,01:01,
5837,856289,n:1,
7536,850807,01:01,
7108,855441,n:1,
57410,854279,01:01,
10524,854418,01:01,769714
80198,851994,01:01,892284
81876,850505,n:1,
254263,852511,n:m,879491
254263,852826,n:m,
3177,851211,n:1,
65003,855536,01:01,961366
HUMAN04959,854097,01:01,853936
9973,855054,01:01,835728
5499,856870,n:1,
HUMAN05019,852772,n:1,
222,855137,n:1,
221,855137,n:1,
10312,855076,n:m,
10312,854444,n:m,
1374,854965,n:1,
3508,853852,01:01,897292
55191,856473,01:01,932180
HUMAN05158,856514,n:1,
5870,850966,n:1,
7351,852594,n:m,
7351,853558,n:m,
7351,854397,n:m,
7351,855969,n:m,
7352,851063,n:1,
51400,856474,01:01,863380
283209,855321,n:1,899139
6188,855543,01:01,593655
80168,854419,n:1,
84649,854419,n:1,
55331,852481,1:m,836060
55331,856018,1:m,
5058,854036,n:1,594543
79053,854233,01:01,593759
79731,850388,01:01,913141
60492,850498,01:01,
10873,853839,n:1,
10003,853590,n:1,
HUMAN05353,855264,01:01,900492
84259,850819,n:1,
38,856079,01:01,949337
5519,851217,n:1,707417
1737,855653,01:01,733951
HUMAN05484,853600,n:1,909190
25996,850748,01:01,
8882,853125,01:01,950293
HUMAN05581,850612,01:01,557504
1656,851394,01:01,593672
6230,852911,1:m,861166
6230,851045,1:m,
55823,855271,01:01,708265
3145,851322,01:01,949615
3014,852283,n:m,
3014,851811,n:m,957732
1798,852545,01:01,593715
9099,855263,n:1,
6309,850745,01:01,735712
3312,851259,n:m,593914
3312,852203,n:m,
3312,856840,n:m,
3312,850636,n:m,
3703,852862,n:1,
83480,850550,01:01,951088
29118,854211,n:1,
28960,850974,1:m,
28960,854344,1:m,923556
112936,853393,n:1,957153
5927,855214,01:01,782820
79602,852102,n:m,
79602,854160,n:m,
HUMAN05793,853131,n:1,
56341,852322,n:1,824828
6843,851203,n:m,883059
6843,854505,n:m,
9918,850977,01:01,957486
2597,853106,n:m,
2597,853395,n:m,956091
2597,853465,n:m,
51147,856490,n:1,
2784,854387,n:1,
8078,852349,n:1,557529
7167,851620,01:01,923222
2026,853169,n:m,
2026,856579,n:m,960122
2026,855373,n:m,
2026,854575,n:m,
11331,853033,n:m,
11331,853146,n:m,593722
10436,850883,01:01,932230
144195,851352,n:m,
144195,851943,n:m,
144195,851944,n:m,
144195,851946,n:m,
144195,851995,n:m,
144195,852108,n:m,
144195,852149,n:m,
144195,856640,n:m,
144195,850536,n:m,
144195,856492,n:m,
144195,856494,n:m,
144195,856496,n:m,
144195,853236,n:m,
144195,853216,n:m,
144195,853623,n:m,
144195,850770,n:m,
144195,855023,n:m,
144195,855398,n:m,
144195,855809,n:m,
144195,854009,n:m,
144195,854050,n:m,
6515,851352,n:m,
6515,851943,n:m,
6515,851944,n:m,
6515,851946,n:m,
6515,851995,n:m,
6515,852108,n:m,
6515,852149,n:m,
6515,856640,n:m,
6515,850536,n:m,
6515,856492,n:m,
6515,856494,n:m,
6515,856496,n:m,
6515,853236,n:m,
6515,853216,n:m,
6515,853623,n:m,
6515,850770,n:m,
6515,855023,n:m,
6515,855398,n:m,
6515,855809,n:m,
6515,854009,n:m,
6515,854050,n:m,
23710,852200,n:1,
255308,856746,n:1,
51202,856462,01:01,593583
121504,852294,n:1,
55766,852283,n:m,
55766,851811,n:m,
397,851420,n:1,
85004,850392,n:1,
89869,855860,n:1,
93661,853862,n:1,
51026,855337,n:1,933887
2998,850569,n:m,
2998,850962,n:m,955563
586,856615,n:m,957922
586,853613,n:m,
HUMAN06179,854935,01:01,791334
10526,853596,n:1,
1663,856099,01:01,818948
440093,852295,n:1,
10059,850686,01:01,896604
51067,856007,01:01,961565
84920,853142,n:1,
144245,853142,n:1,891276
225,853647,n:m,
225,855956,n:m,593961
114134,851352,n:m,
114134,851943,n:m,
114134,851944,n:m,
114134,851946,n:m,
114134,851995,n:m,
114134,852108,n:m,
114134,852149,n:m,
114134,856640,n:m,
114134,850536,n:m,
114134,856492,n:m,
114134,856494,n:m,
114134,856496,n:m,
114134,853236,n:m,
114134,853216,n:m,
114134,853623,n:m,
114134,850770,n:m,
114134,855023,n:m,
114134,855398,n:m,
114134,855809,n:m,
114134,854009,n:m,
114134,854050,n:m,
5756,852971,n:1,769010
81539,852189,n:m,
81539,856855,n:m,
54407,852189,n:m,
54407,856855,n:m,593928
55089,852189,n:m,
55089,856855,n:m,
5213,853155,n:m,
5213,855245,n:m,923685
HUMAN06319,852462,n:m,
HUMAN06319,854261,n:m,
377,851335,n:m,853167
377,851418,n:m,
5571,852763,01:01,832138
121268,850392,n:1,
10376,854915,n:m,
10376,854889,n:m,956354
7846,854915,n:m,
7846,854889,n:m,
84790,854915,n:m,956360
84790,854889,n:m,
23017,855411,n:1,
6602,855757,n:1,805100
2819,851539,n:m,
2819,854095,n:m,894369
4891,856447,n:m,
4891,850721,n:m,
4891,854027,n:m,828922
5204,854879,01:01,931240
60314,856900,01:01,878365
5094,852533,n:1,594401
3178,852042,n:1,
HUMAN06528,856097,n:1,844952
29095,852926,n:m,
29095,851064,n:m,
1017,852457,n:1,
5869,853884,n:m,
5869,855631,n:m,
5869,854256,n:m,564962
6231,856868,1:m,953540
6231,852686,1:m,
140465,852772,n:1,594006
HUMAN06612,852772,n:1,
HUMAN06620,854154,01:01,958744
1431,850361,1:m,
1431,855732,1:m,809729
9924,852786,01:01,738073
506,853585,01:01,810383
5557,854825,01:01,943377
6472,852565,n:m,956845
6472,850747,n:m,
4141,853181,01:01,
4234,851326,01:01,952885
9194,853659,n:m,
9194,854030,n:m,
9194,854483,n:m,594090
23041,855420,01:01,813698
11260,853630,01:01,959543
253827,850324,n:1,935166
5908,853056,n:1,
HUMAN06789,855616,01:01,541855
10576,854664,01:01,584369
11103,850298,01:01,898906
4673,853922,n:1,593906
23390,851857,n:m,846160
23390,854199,n:m,
490,852878,n:1,712682
7334,851666,n:1,
10988,852187,01:01,
6636,856312,01:01,885383
4048,855682,01:01,880793
5250,856779,01:01,
55681,852797,01:01,947387
27340,852282,01:01,943060
HUMAN06999,852462,n:m,853159
HUMAN06999,854261,n:m,
56994,855593,01:01,
55703,854382,01:01,959349
11137,850893,01:01,537038
23479,854401,1:m,
23479,855968,1:m,876736
55530,854916,01:01,
32,855247,n:m,
32,855750,n:m,
4598,855248,01:01,878678
488,851608,n:m,
488,851609,n:m,
488,851610,n:m,
10094,851085,01:01,913227
51184,850944,01:01,892837
160760,856475,01:01,537518
5501,856870,n:1,915382
8315,856376,01:01,576818
217,856804,n:m,
217,855205,n:m,
217,855206,n:m,
217,854556,n:m,530730
217,856044,n:m,
79039,851530,01:01,593790
10993,850295,n:1,
113675,850295,n:1,
9904,856228,01:01,593793
5985,855426,01:01,593706
10985,852680,01:01,
6175,851052,01:01,936921
8655,852034,n:1,
84274,854930,01:01,583594
54509,854688,01:01,
5715,854810,01:01,914181
6249,850570,01:01,
8562,853471,01:01,819405
9026,855478,n:1,959975
HUMAN07337,850885,n:m,
HUMAN07337,855858,n:m,
10959,852675,n:1,944155
57696,850549,01:01,593704
1967,853896,01:01,953928
2967,856169,01:01,934366
23545,855076,n:m,909113
23545,854444,n:m,
121260,853968,n:1,593797
2054,855221,n:m,
2054,855844,n:m,
HUMAN07394,851000,1:m,564949
HUMAN07394,854357,1:m,
80324,852817,1:m,
80324,855889,1:m,951087
5426,855459,01:01,960723
113457,854915,n:m,
113457,854889,n:m,
221143,852884,01:01,896358
253832,852070,n:1,
4285,853724,01:01,802974
479,851608,n:m,
479,851609,n:m,
479,851610,n:m,
9818,852703,01:01,
51761,851207,n:1,
6144,852489,1:m,935485
6144,856026,1:m,
51082,855609,01:01,
10808,852467,n:m,
10808,855998,n:m,
23047,855099,n:1,593721
5983,852383,01:01,593657
29880,855874,01:01,
10166,852401,n:m,
10166,854267,n:m,
10166,854297,n:m,769035
10166,856171,n:m,
9617,852734,01:01,
79612,851521,n:1,
7178,853809,01:01,923837
253512,853739,n:1,
83548,856901,01:01,924962
1361,856533,n:1,
3936,851707,n:1,960787
2098,853377,01:01,781904
8803,853159,n:1,845256
81617,853646,n:1,
540,851862,n:1,
440138,855679,01:01,
9724,854881,n:1,598044
22894,854138,01:01,593667
7347,853562,n:1,936449
3843,855356,n:1,574859
9375,851685,n:m,576478
9375,850772,n:m,
259232,853131,n:1,593862
HUMAN07821,853174,n:1,
2073,853174,n:1,915340
3981,854166,01:01,808168
84945,855396,01:01,788406
3621,855626,01:01,
55795,853546,01:01,928279
8451,852886,n:1,
55208,850819,n:1,
8881,853846,01:01,
55644,853910,01:01,886379
4860,850906,01:01,957282
11198,852665,01:01,960376
1603,854270,01:01,860332
63874,851703,n:m,
63874,850788,n:m,
9056,852946,n:m,
9056,856349,n:m,
10419,852431,01:01,941835
5693,856218,01:01,953670
23428,852946,n:m,
23428,856349,n:m,
4624,856418,n:1,
4625,856418,n:1,
8906,856141,n:1,
79711,856846,01:01,574860
HUMAN08206,850712,n:1,
145553,856873,01:01,
HUMAN08208,851717,n:1,
4738,851717,n:1,845618
161424,853445,01:01,948040
23256,851770,01:01,785276
1073,850676,n:1,836181
6729,856203,01:01,593529
HUMAN08308,852873,01:01,530165
89874,852594,n:m,
89874,853558,n:m,
89874,854397,n:m,
89874,855969,n:m,769019
10484,856311,n:1,921599
84075,853433,01:01,
140801,850764,n:1,
6235,851498,1:m,913967
6235,851104,1:m,
6166,856544,n:1,953476
9147,856098,01:01,951485
79609,855707,01:01,831273
5836,856289,n:1,886187
30001,854909,n:1,
HUMAN08406,854433,01:01,593644
64841,850529,01:01,825936
HUMAN08415,852511,n:m,
HUMAN08415,852826,n:m,879489
2643,853183,01:01,957530
11169,856254,01:01,949483
HUMAN08443,850863,01:01,809150
5684,854544,01:01,530163
387990,852973,n:1,
26520,856693,01:01,847898
5494,856823,01:01,
145389,852189,n:m,594555
145389,856855,n:m,
161291,850456,n:m,
161291,855784,n:m,
81537,853307,n:1,
HUMAN08506,852378,n:m,
HUMAN08506,853118,n:m,
3306,851259,n:m,
3306,852203,n:m,
3306,856840,n:m,595948
3306,850636,n:m,
2877,852546,n:m,
2877,854855,n:m,
2877,853842,n:m,
2342,851468,01:01,935728
51382,856659,01:01,928194
1965,853463,01:01,914695
384,855993,n:1,948814
10490,855237,n:1,
51109,854420,n:1,
145226,854420,n:1,
55334,854246,01:01,594036
145482,854908,n:1,
51004,853170,01:01,713387
957,856669,n:1,778811
51077,851939,01:01,892753
1743,851726,01:01,733950
8892,850998,01:01,953929
10972,852675,n:1,
11161,856767,01:01,899774
57156,850942,n:m,
57156,855308,n:m,
29954,851210,1:m,593693
29954,853113,1:m,
29954,854499,1:m,
10598,851800,01:01,584526
9517,851634,n:1,859131
57143,850955,01:01,855837
6400,850904,01:01,594315
55775,852525,01:01,
5700,851557,01:01,593638
801,852406,n:1,
55671,855520,n:1,
123096,852401,n:m,
123096,854267,n:m,
123096,854297,n:m,
123096,856171,n:m,
283600,852401,n:m,
283600,854267,n:m,
283600,854297,n:m,
283600,856171,n:m,
7453,854056,01:01,955814
1778,853928,01:01,574249
3320,855224,n:m,
3320,855836,n:m,917683
1983,856154,01:01,938597
115708,853317,01:01,
122622,855501,n:1,
2972,853161,01:01,594229
727832,851957,01:01,
HUMAN09143,851018,n:1,
51234,852620,01:01,920267
55505,856471,01:01,959960
70,850504,n:1,
440275,851877,01:01,959045
HUMAN09263,853100,01:01,576122
5888,856831,01:01,951835
57617,850840,01:01,539012
23168,852607,01:01,948188
2595,852530,n:1,
2923,850314,n:m,859531
2923,852130,n:m,
79968,851399,01:01,932125
8669,850889,01:01,
6652,851351,1:m,
6652,853624,1:m,
6652,850759,1:m,
7782,855284,n:m,
7782,854494,n:m,
HUMAN09457,852554,01:01,
2585,852308,1:m,878676
2585,851572,1:m,
11001,852329,n:1,
123169,854290,01:01,594341
10681,854387,n:1,
55930,854504,01:01,594155
51187,850695,01:01,
HUMAN09524,852735,01:01,
8854,856804,n:m,
8854,855205,n:m,530738
8854,855206,n:m,
8854,854556,n:m,
8854,856044,n:m,
4643,853729,n:m,
4643,855136,n:m,594205
2958,853807,01:01,936270
54832,850619,n:1,706935
7168,855645,n:1,
HUMAN09594,856415,n:m,
HUMAN09594,853700,n:m,954066
51762,850543,n:1,
9960,855263,n:1,
5479,851733,n:m,
5479,851898,n:m,
5479,856454,n:m,594096
5479,854897,n:m,
10845,852528,01:01,
8766,856753,n:m,
8766,852662,n:m,564954
6124,852319,1:m,960244
6124,851575,1:m,
6176,851427,1:m,
6176,851478,1:m,942437
7090,850445,n:1,595747
5315,851193,n:m,950593
5315,854529,n:m,
25820,853887,n:1,
4351,856720,01:01,883616
9377,856448,01:01,894299
4123,852721,01:01,902534
25942,854158,01:01,594352
55272,856553,01:01,960780
2108,856112,01:01,745480
3419,854303,01:01,936828
55466,855661,n:1,
5685,853036,01:01,530166
HUMAN09899,856134,01:01,929267
23423,851226,n:m,
23423,854181,n:m,
10588,856932,01:01,766302
79631,855558,01:01,593731
HUMAN09946,852058,1:m,936000
HUMAN09946,854984,1:m,
23478,854840,n:1,842074
5428,854508,01:01,925532
HUMAN10035,853429,n:1,932983
3418,851493,n:m,
3418,850871,n:m,936833
3418,855723,n:m,
1106,856911,n:1,
220,856804,n:m,530740
220,855205,n:m,
220,855206,n:m,
220,854556,n:m,
220,856044,n:m,
123283,854732,n:1,
51728,851615,01:01,953236
55692,851471,01:01,594275
398,851420,n:1,
64714,850314,n:m,
64714,852130,n:m,
HUMAN10159,853798,n:1,
26063,855518,01:01,566476
89941,851249,n:1,
84264,851865,n:m,
84264,854205,n:m,727917
64428,855481,01:01,
7329,851495,01:01,593675
4832,853798,n:1,
10101,854814,n:m,920718
10101,852789,n:m,
3029,851865,n:m,727912
3029,854205,n:m,
81889,855553,01:01,924568
6123,854229,n:1,
6187,852754,01:01,958941
10607,850919,01:01,593707
64223,855726,01:01,593681
283871,851362,n:1,784097
527,856686,1:m,879235
527,855842,1:m,
23524,856020,01:01,
HUMAN10414,853340,01:01,951728
9093,850530,01:01,593530
124404,850358,n:m,
124404,856507,n:m,
124404,853539,n:m,
56052,852407,01:01,960098
HUMAN10479,852902,01:01,
5373,850499,n:1,850673
4682,854814,n:m,
4682,852789,n:m,920717
780776,851657,n:1,
2935,851752,n:1,
2072,856085,01:01,902943
54700,853734,01:01,
255027,850953,n:1,
4629,856418,n:1,
4363,851713,n:1,
6210,853249,1:m,959287
6210,851082,1:m,
10229,854292,01:01,
55623,852619,01:01,943021
23062,856508,01:01,
124454,854124,01:01,
5347,855013,01:01,594266
51451,852045,01:01,878995
728689,855357,n:1,
1201,853387,01:01,738540
8663,855357,n:1,860848
7284,854359,01:01,593532
487,851608,n:m,
487,851609,n:m,
487,851610,n:m,
23475,850608,01:01,960076
10423,856229,01:01,889876
9344,852119,n:1,
5531,851513,n:m,
5531,851647,n:m,915378
5531,855766,n:m,
5595,852265,n:m,
5595,852931,n:m,
5595,856425,n:m,
5595,850803,n:m,
HUMAN10881,850358,n:m,
HUMAN10881,856507,n:m,
HUMAN10881,853539,n:m,
HUMAN10905,850568,01:01,
112755,855221,n:m,
112755,855844,n:m,575451
6810,855221,n:m,
6810,855844,n:m,
10295,854769,n:m,899360
10295,852821,n:m,
55737,853287,01:01,588781
84706,851690,n:m,
84706,850778,n:m,871688
10294,855661,n:1,593825
94160,853198,n:1,
85320,853198,n:1,
2775,856741,n:m,
2775,856394,n:m,
HUMAN11085,850552,01:01,904796
5432,854791,01:01,950984
1459,854776,n:1,
23019,850455,01:01,
55238,852189,n:m,
55238,856855,n:m,
2806,850714,n:1,
8883,856104,01:01,
57546,854257,n:1,914312
HUMAN11239,851168,n:1,958404
10204,856727,01:01,957466
9057,852946,n:m,
9057,856349,n:m,
HUMAN11312,851924,01:01,536540
27183,856303,n:1,593724
51388,855890,01:01,960835
28987,854221,01:01,869727
11060,856862,01:01,574597
16,854513,01:01,860544
11269,854211,n:1,593770
HUMAN11345,854211,n:1,
55308,854211,n:1,
25839,856220,01:01,
23450,854956,01:01,920108
55697,851102,01:01,842958
164,856141,n:1,537127
1723,853664,01:01,
5713,854435,01:01,949259
79152,855315,01:01,923246
79726,851706,01:01,929044
197257,851380,01:01,
11345,852200,n:1,
3735,851607,01:01,913140
22879,852753,n:1,
2653,851254,01:01,939195
93517,852883,n:1,
146167,852189,n:m,
146167,856855,n:m,
9914,852709,n:1,
54758,855865,01:01,593845
8140,852946,n:m,
8140,856349,n:m,
4597,855779,01:01,935382
353,854986,01:01,953744
6137,851477,1:m,
6137,855173,1:m,915920
55275,853423,01:01,
29928,851309,01:01,768970
7531,851676,1:m,846594
7531,856924,1:m,
124935,855261,n:1,
10594,856570,01:01,866910
6117,851266,01:01,890621
HUMAN11730,854703,01:01,941820
124641,854454,01:01,
63826,853662,01:01,959724
55720,851499,01:01,724767
5048,854443,01:01,
23277,855025,01:01,896743
489,851608,n:m,
489,851609,n:m,
489,851610,n:m,
5694,853456,01:01,953669
8402,851063,n:1,
2027,853169,n:m,
2027,856579,n:m,
2027,855373,n:m,
2027,854575,n:m,960121
56919,853784,01:01,
201232,853659,n:m,
201232,854030,n:m,
201232,854483,n:m,
HUMAN11876,853659,n:m,
HUMAN11876,854030,n:m,
HUMAN11876,854483,n:m,
11337,852200,n:1,878487
6517,851352,n:m,
6517,851943,n:m,
6517,851944,n:m,
6517,851946,n:m,
6517,851995,n:m,
6517,852108,n:m,
6517,852149,n:m,
6517,856640,n:m,
6517,850536,n:m,
6517,856492,n:m,
6517,856494,n:m,
6517,856496,n:m,
6517,853236,n:m,
6517,853216,n:m,
6517,853623,n:m,
6517,850770,n:m,
6517,855023,n:m,
6517,855398,n:m,
6517,855809,n:m,
6517,854009,n:m,
6517,854050,n:m,
1984,853506,n:1,
HUMAN11927,851415,01:01,956665
1973,851584,n:m,
1973,853303,n:m,
9196,855385,n:m,
9196,856017,n:m,
58485,854898,01:01,850838
HUMAN11986,851203,n:m,
HUMAN11986,854505,n:m,
9212,855892,n:1,
5198,852952,01:01,943319
399512,853739,n:1,769024
29098,853537,01:01,
6154,852922,n:m,934754
6154,851058,n:m,
4628,856418,n:1,594035
8735,856418,n:1,
4626,856418,n:1,
4622,856418,n:1,
4619,856418,n:1,
4620,856418,n:1,
4621,856418,n:1,
6341,852325,n:1,551842
60528,853954,01:01,731472
HUMAN12066,851657,n:1,
9487,855324,01:01,865362
10400,853536,01:01,589253
146691,851960,01:01,
1819,853083,01:01,568939
6470,852565,n:m,
6470,850747,n:m,956844
51030,851657,n:1,935111
HUMAN12192,856427,n:1,
224,855137,n:1,530739
146802,856427,n:1,594033
218,855137,n:1,
23326,855263,n:1,593880
94005,852044,01:01,934080
6830,853011,01:01,960758
HUMAN12280,853993,01:01,593886
147015,854420,n:1,
57551,852119,n:1,
84940,851148,01:01,
642,855482,01:01,
HUMAN12337,856354,01:01,948652
55288,851249,n:1,960819
5717,851461,01:01,922362
10693,851768,n:1,
54475,850435,01:01,593669
5193,855041,01:01,
284098,853354,01:01,953305
79922,854376,01:01,
26574,851893,01:01,950119
31,855247,n:m,
31,855750,n:m,891547
6871,852059,n:1,577078
11056,852704,01:01,594060
5691,856830,01:01,953666
9349,852191,01:01,
6143,852254,01:01,959415
93210,850411,01:01,951417
94103,852926,n:m,896226
94103,851064,n:m,
5709,856742,01:01,940301
990,853244,01:01,
7153,855636,n:1,
HUMAN12646,855477,n:1,
5878,853884,n:m,564961
5878,855631,n:m,
5878,854256,n:m,
535,855076,n:m,
535,854444,n:m,909112
7283,850909,n:1,956349
27175,850909,n:1,
84313,853566,01:01,809096
100885850,855688,01:01,860546
6155,852082,1:m,
6155,856401,1:m,958142
1659,856732,01:01,938762
124801,856521,01:01,
51629,853173,n:1,
79877,851777,01:01,948171
4836,850892,n:1,854586
113026,855860,n:1,
4905,852372,01:01,593954
996,852194,01:01,
4635,852772,n:1,
9520,856443,n:m,
9520,853699,n:m,880794
3837,851061,01:01,536981
55163,852323,01:01,914540
51226,856097,n:1,
11267,856105,01:01,868661
5245,853033,n:m,593642
5245,853146,n:m,
HUMAN12937,855832,n:1,
5164,854769,n:m,
5164,852821,n:m,
80221,852523,01:01,
8714,851713,n:1,
4830,853798,n:1,
51096,853376,01:01,540413
140735,852034,n:1,866185
6827,852955,01:01,894405
388403,852231,n:1,
1213,852666,n:1,574738
342538,856600,01:01,
51204,852904,01:01,958129
117246,850304,01:01,961853
5705,852834,01:01,593647
6603,855757,n:1,
HUMAN13173,853131,n:1,
1655,855611,n:1,593962
10672,856741,n:m,
10672,856394,n:m,
5718,851408,01:01,890601
9120,853659,n:m,
9120,854030,n:m,
9120,854483,n:m,
55062,850577,n:1,
5573,854778,n:1,
6169,851035,01:01,886561
2232,851982,01:01,930892
3396,854035,01:01,956269
9121,853659,n:m,
9121,854030,n:m,594789
9121,854483,n:m,
60386,852594,n:m,
60386,853558,n:m,
60386,854397,n:m,
60386,855969,n:m,
3020,852295,n:1,
51,852667,n:1,
1018,852457,n:1,
6730,855833,01:01,
9489,850352,01:01,960526
339221,856699,n:1,898299
9775,851584,n:m,593768
9775,853303,n:m,
57521,856593,01:01,756806
79643,855101,01:01,530111
71,850504,n:1,
55666,852468,01:01,805090
1468,851063,n:1,
5034,850314,n:m,
5034,852130,n:m,859537
396,851420,n:1,956987
5833,852890,01:01,
64118,854895,01:01,950830
9123,853659,n:m,
9123,854030,n:m,
9123,854483,n:m,
9097,850562,01:01,593666
1068,854431,n:1,
7298,854241,01:01,953332
10403,854662,01:01,920126
103910,852772,n:1,
2774,856741,n:m,
2774,856394,n:m,
3613,851881,1:m,
3613,856442,1:m,
84617,850506,n:1,
10939,856737,1:m,
10939,855114,1:m,593930
10650,851766,n:m,841694
10650,850865,n:m,
10650,850890,n:m,
81929,852778,01:01,538171
171586,852476,01:01,
4864,856101,n:1,883316
143471,854119,n:1,
10982,856736,n:1,593987
55250,853114,01:01,593744
5289,850941,01:01,707036
498,852177,01:01,810384
51124,856806,01:01,933984
100526842,853262,n:m,921897
100526842,853674,n:m,
6139,853262,n:m,
6139,853674,n:m,
4200,853839,n:1,
2235,854347,01:01,734542
4677,856412,01:01,913142
5205,851667,n:m,
5205,856913,n:m,
90701,854840,n:1,
23556,853690,01:01,959549
9525,856303,n:1,
55748,850605,01:01,931558
374868,854763,n:1,712679
80148,855022,01:01,574954
10907,856197,01:01,881581
997,851624,01:01,
5434,852451,01:01,952165
2879,852546,n:m,
2879,854855,n:m,903967
2879,853842,n:m,
513,851560,01:01,945369
6209,854117,01:01,955536
92840,856140,n:1,
51690,855575,01:01,
26517,853093,01:01,
6449,854168,n:1,593913
7064,850301,n:1,802973
7089,850445,n:1,
2767,856741,n:m,
2767,856394,n:m,
2769,856741,n:m,
2769,856394,n:m,
83475,853534,01:01,593689
1938,851993,01:01,593633
25873,855232,1:m,
25873,855826,1:m,922461
9361,852259,01:01,941714
56931,851117,01:01,950826
5990,850873,01:01,
284427,852491,n:m,
284427,854672,n:m,
284427,854811,n:m,
284427,856712,n:m,
HUMAN14461,852988,01:01,
10382,850506,n:1,
9322,856514,n:1,
56949,852025,01:01,593854
6813,851742,n:1,
115704,855230,01:01,
10469,854790,01:01,
1994,850346,n:m,
1994,855728,n:m,
6234,850969,1:m,954946
6234,854338,1:m,
9230,856753,n:m,564967
9230,852662,n:m,
4542,853729,n:m,
4542,855136,n:m,
59286,855767,01:01,954420
5300,853475,01:01,955152
56342,851907,1:m,
56342,856463,1:m,882516
8666,852039,01:01,593714
HUMAN14639,855408,01:01,593857
10053,855869,n:1,
11018,851226,n:m,944163
11018,854181,n:m,
HUMAN14663,854680,01:01,594025
HUMAN14764,856465,01:01,910047
30000,852305,n:1,536982
439,851458,01:01,865807
7001,852064,n:m,
7001,854980,n:m,
10535,855652,01:01,947590
HUMAN14795,850522,01:01,953100
5886,856674,n:1,
55621,851698,01:01,948020
84245,856234,01:01,953927
5566,853275,n:m,
5566,853688,n:m,
5566,855898,n:m,
10212,851475,n:1,
3337,855725,n:1,
9524,851547,n:1,873335
126410,852011,n:1,
11283,852011,n:1,
4051,852011,n:1,
66002,852011,n:1,
8529,852011,n:1,
7171,855645,n:1,
4218,850543,n:1,
8907,855869,n:1,590079
79939,853246,1:m,
79939,854484,1:m,857778
84705,855037,01:01,
376497,852329,n:1,
25796,850437,1:m,
25796,853163,1:m,955287
25796,856568,1:m,
25796,855769,1:m,
6142,855283,01:01,957702
6528,856370,01:01,
84769,850953,n:1,
51477,853288,01:01,958421
7311,854658,01:01,845620
5976,855104,01:01,897291
54555,856574,01:01,593617
284439,856391,n:m,769022
284439,856121,n:m,
57130,856681,01:01,712676
9141,855096,01:01,952457
11136,852946,n:m,
11136,856349,n:m,
56301,852946,n:m,
56301,856349,n:m,
5184,850556,01:01,792329
26065,856247,n:1,
HUMAN15244,852495,01:01,818913
10054,851998,01:01,919265
26330,853106,n:m,
26330,853395,n:m,
26330,853465,n:m,956090
495,851608,n:m,
495,851609,n:m,
495,851610,n:m,
1340,850727,n:1,849870
5438,852810,01:01,953237
284406,856316,01:01,
90522,855458,01:01,
HUMAN15479,856092,n:1,
6183,855772,01:01,
54623,852582,01:01,837047
6217,851476,01:01,863056
6829,854999,01:01,593758
2091,851548,n:1,940494
5704,852003,01:01,593662
79934,852758,n:1,
56915,852987,01:01,939509
6223,855414,1:m,
6223,854028,1:m,914838
10567,855683,01:01,576331
2931,855409,01:01,
10452,855243,n:1,903815
2068,856918,01:01,818947
6633,850981,01:01,837749
54814,850573,n:1,
5536,853023,01:01,915380
805,852406,n:1,593697
1175,853521,n:1,932981
10055,856310,01:01,
8775,852230,n:1,
29997,855957,01:01,537271
3978,851391,01:01,808167
83743,855161,01:01,537037
HUMAN15937,855415,01:01,960173
HUMAN15950,856615,n:m,
HUMAN15950,853613,n:m,
2997,850569,n:m,955562
2997,850962,n:m,
10856,855841,01:01,957904
HUMAN16018,854673,1:m,
HUMAN16018,855655,1:m,
6205,852337,01:01,955492
6237,850392,n:1,
3276,852322,n:1,
160,852243,n:1,537126
9476,855949,n:1,
5424,851456,01:01,838166
90353,852661,01:01,909616
2109,853121,01:01,818849
5518,851217,n:1,
26121,852983,01:01,882950
6203,852487,1:m,925608
6203,856024,1:m,
112724,855540,n:1,
125965,850727,n:1,
6795,855892,n:1,
6399,852556,n:1,
HUMAN16533,853587,01:01,958166
10998,852329,n:1,
27243,853868,01:01,861119
9040,851015,01:01,593836
26751,850580,1:m,852693
26751,856409,1:m,
52,856187,01:01,584949
55256,855021,01:01,902138
6201,855628,1:m,
6201,854263,1:m,957403
55821,854847,01:01,881543
129642,854346,01:01,
285148,854293,01:01,
6241,853427,n:1,939223
4953,853651,n:1,
79954,853048,01:01,960221
245973,853782,n:1,
7447,851979,n:1,
79677,851099,01:01,593764
57665,855540,n:1,
388,856294,n:1,
2281,855587,n:1,
9540,852335,01:01,
375189,854289,01:01,
85465,856523,n:1,
56896,854845,n:1,
22924,856736,n:1,
HUMAN16752,850953,n:1,
HUMAN16776,853535,01:01,892839
64080,850402,01:01,862871
23160,852007,01:01,862616
51646,852231,n:1,838433
HUMAN16819,853464,01:01,
55622,855403,01:01,
HUMAN16845,850976,01:01,937161
10153,851632,01:01,536409
25797,850573,n:1,530019
130589,856617,1:m,
130589,855808,1:m,837554
5495,852224,01:01,
90423,854509,n:1,
HUMAN16941,852406,n:1,
4436,854063,01:01,959209
2956,851671,01:01,959208
494143,856910,01:01,715250
23198,850541,01:01,959635
6233,850864,01:01,845617
4528,854135,01:01,
57223,855520,n:1,557093
5194,850888,01:01,
7514,853133,01:01,536950
10575,851412,01:01,584364
HUMAN17041,853830,01:01,928928
5861,850505,n:1,564952
10097,851532,01:01,550398
56902,854317,01:01,949494
HUMAN17067,853644,n:1,593729
2673,853757,n:1,745227
27247,853826,01:01,840696
22848,850785,01:01,
5093,852533,n:1,
7072,855716,n:1,
6637,850528,01:01,885380
525,852424,n:1,
113419,856587,01:01,813708
10199,853458,01:01,594014
23233,852618,n:1,960229
6697,854853,01:01,
94097,854445,n:1,
10574,853333,01:01,584368
51002,854972,01:01,941991
72,850504,n:1,
10797,853955,n:1,
7841,852857,01:01,724548
8802,854310,01:01,960361
4144,852113,n:m,953280
4144,850877,n:m,
8673,851203,n:m,
8673,854505,n:m,883056
10713,850555,01:01,
25885,854519,01:01,956666
100526767,853825,n:1,861120
55258,850420,01:01,959722
22934,854262,01:01,951754
9391,851860,01:01,
23020,856919,01:01,909288
23397,852180,01:01,
10120,856530,n:1,550412
25972,853901,01:01,886055
80705,851879,n:1,
51601,853401,01:01,
10190,851764,01:01,935614
9669,851196,01:01,593813
79031,854456,n:1,915321
6160,851484,1:m,
6160,851122,1:m,925993
151011,851024,n:1,
84172,856119,01:01,959351
6574,852599,n:1,821924
150472,855763,n:1,922047
80255,852048,1:m,
80255,854990,1:m,857769
10096,853528,n:1,550399
HUMAN17543,856423,n:m,
HUMAN17543,854394,n:m,861661
8886,855335,01:01,593711
130355,853949,01:01,731182
1622,852925,n:1,812236
2071,854663,01:01,952847
84084,850966,n:1,
112714,854915,n:m,
112714,854889,n:m,
92856,855649,01:01,940802
150786,850966,n:1,
113457,854915,n:m,
113457,854889,n:m,
4175,852673,01:01,860077
1615,850643,01:01,913143
8942,850933,01:01,901231
10254,856387,n:1,
2820,854651,01:01,942581
10213,850554,01:01,950923
1803,856423,n:m,
1803,854394,n:m,
2191,856423,n:m,861653
2191,854394,n:m,
HUMAN17806,856645,01:01,593878
8647,853671,n:1,
8520,856106,01:01,
5163,854769,n:m,
5163,852821,n:m,
HUMAN17882,852313,01:01,957444
57703,853195,01:01,594215
54529,854877,01:01,756740
64172,851454,01:01,886380
94101,852926,n:m,
94101,851064,n:m,896227
284992,851018,n:1,
9330,852938,01:01,919377
23451,855332,01:01,574991
3329,850963,01:01,584363
3336,854185,01:01,953393
92935,853081,01:01,
60491,852651,01:01,
7341,852122,n:1,832078
51602,854487,01:01,882951
55759,854446,01:01,952345
1933,851260,01:01,915221
130749,856533,n:1,
3417,851493,n:m,936829
3417,850871,n:m,
3417,855723,n:m,
200576,850574,01:01,775963
6120,853322,n:1,956933
4632,852772,n:1,
HUMAN18160,853573,01:01,958714
471,850715,1:m,
471,855149,1:m,819020
6168,853557,01:01,951378
10109,855771,01:01,816693
64114,855411,n:1,
6556,856447,n:m,
6556,850721,n:m,828923
6556,854027,n:m,
9125,855428,01:01,773757
84812,855860,n:1,
617,851981,01:01,593678
HUMAN18256,855840,01:01,593884
7277,854915,n:m,
7277,854889,n:m,
23549,856513,01:01,938200
130367,853307,n:1,812104
10056,850749,01:01,914444
116255,854419,n:1,
2181,854808,n:m,
2181,856734,n:m,
2181,855288,n:m,
2181,854495,n:m,593745
HUMAN18299,853521,n:1,
8452,852886,n:1,539578
9320,853859,01:01,829469
51719,853646,n:1,540593
5707,854735,01:01,960436
189,850514,01:01,949639
5510,853641,01:01,593901
3069,853365,01:01,
4735,850358,n:m,
4735,856507,n:m,589425
4735,853539,n:m,
23192,855498,01:01,922659
1841,853520,01:01,903691
84289,856490,n:1,
728294,851376,1:m,940823
728294,856638,1:m,
1457,854776,n:1,593798
140809,853776,01:01,840937
2280,855587,n:1,897523
55968,852222,n:1,
10528,850894,01:01,882949
3420,855691,n:1,936830
3704,853532,01:01,951263
5111,852385,01:01,943299
8760,852317,n:1,
51605,855663,01:01,953357
55304,851634,n:1,
11034,850676,n:1,
10621,855737,01:01,
10483,856311,n:1,
92675,851307,01:01,919479
51126,856249,01:01,948291
51340,850808,01:01,593641
22803,854213,01:01,827648
63908,852230,n:1,960739
84532,851245,n:m,
84532,850846,n:m,594170
955,856669,n:1,
5834,856289,n:1,
9837,851576,01:01,932017
9777,851685,n:m,
9777,850772,n:m,
22919,856736,n:1,
128866,850712,n:1,530112
8894,855838,01:01,938598
191,856766,01:01,957170
128869,851181,01:01,593772
55902,851245,n:m,
55902,850846,n:m,
2937,854108,01:01,951226
57644,856418,n:1,
3692,856126,01:01,936415
HUMAN18913,851256,n:1,791333
9054,850343,01:01,901228
140823,856006,01:01,
9584,853997,01:01,
9675,853834,01:01,917211
140679,853457,01:01,594306
79913,855665,01:01,825333
7150,854156,n:1,
10955,851682,n:1,819459
100,855581,01:01,900790
51604,856595,01:01,960732
11065,854517,01:01,593860
10005,853477,01:01,
HUMAN19099,852436,1:m,
HUMAN19099,855343,1:m,790872
51006,854970,01:01,
112858,853178,01:01,
81031,851352,n:m,
81031,851943,n:m,
81031,851944,n:m,
81031,851946,n:m,
81031,851995,n:m,
81031,852108,n:m,
81031,852149,n:m,
81031,856640,n:m,
81031,850536,n:m,
81031,856492,n:m,
81031,856494,n:m,
81031,856496,n:m,
81031,853236,n:m,
81031,853216,n:m,
81031,853623,n:m,
81031,850770,n:m,
81031,855023,n:m,
81031,855398,n:m,
81031,855809,n:m,
81031,854009,n:m,
81031,854050,n:m,
10564,851748,n:1,
1434,852612,01:01,961029
7335,852793,n:1,916319
HUMAN19162,856313,01:01,
27304,856511,01:01,702201
10079,854763,n:1,
HUMAN19178,855569,01:01,536919
6790,855892,n:1,594114
HUMAN19196,856844,01:01,
8675,854142,01:01,575448
51012,851766,n:m,
51012,850865,n:m,841692
51012,850890,n:m,
149986,856247,n:1,595285
5688,854119,n:1,530168
26164,856573,01:01,
6227,853305,1:m,893602
6227,853931,1:m,
1917,852415,n:1,593904
10139,856056,n:1,853164
54963,855746,01:01,959659
24148,852344,01:01,
6919,852839,n:1,
102724159,850422,n:1,
102724560,853059,n:1,
29104,851718,01:01,951277
10694,853447,01:01,584365
6647,853568,01:01,835726
2618,852617,01:01,959604
539,851892,01:01,
54093,856346,01:01,
8208,854869,01:01,594196
875,853059,n:1,959729
8566,856683,1:m,854809
8566,855761,1:m,
56894,851581,n:1,
5822,850422,n:1,879791
5211,853155,n:m,
5211,855245,n:m,
7327,855036,01:01,593687
6612,852122,n:1,
54039,852248,01:01,594367
4047,856470,01:01,937973
27440,853944,01:01,
83733,852594,n:m,
83733,853558,n:m,
83733,854397,n:m,
83733,855969,n:m,
529,854509,n:1,870632
HUMAN19700,854915,n:m,
HUMAN19700,854889,n:m,
6576,852594,n:m,769030
6576,853558,n:m,
6576,854397,n:m,
6576,855969,n:m,
8218,852666,n:1,
8318,850793,01:01,871131
HUMAN19730,850358,n:m,
HUMAN19730,856507,n:m,
HUMAN19730,853539,n:m,589428
6545,852361,1:m,
6545,853104,1:m,
6545,853912,1:m,
HUMAN19781,851006,n:1,
29799,852231,n:1,
5594,852265,n:m,
5594,852931,n:m,
5594,856425,n:m,
5594,850803,n:m,
2781,856741,n:m,
2781,856394,n:m,
2687,851006,n:1,
6634,850839,01:01,874214
2678,851006,n:1,933296
150274,852866,01:01,
162,853461,01:01,
23481,852995,01:01,960552
23762,851286,01:01,575028
4733,851195,01:01,568938
9681,853603,01:01,910819
4174,850980,01:01,860075
4627,856418,n:1,
7263,854425,n:1,
4357,854425,n:1,847167
57026,851362,n:1,
11015,852240,n:1,
HUMAN20164,855611,n:1,
11144,856926,01:01,951836
6122,854229,n:1,960497
HUMAN20213,851073,01:01,952024
10478,852491,n:m,
10478,854672,n:m,
10478,854811,n:m,
10478,856712,n:m,
63929,856811,01:01,792327
9978,853986,01:01,
5905,855275,01:01,593958
84844,856209,01:01,943430
HUMAN20242,851013,01:01,
171568,853713,01:01,880711
5372,850499,n:1,
2547,855328,01:01,837785
HUMAN20252,856687,01:01,956066
55964,850358,n:m,589426
55964,856507,n:m,
55964,853539,n:m,
1727,854768,n:m,
1727,853707,n:m,888091
1727,854914,n:m,
1727,854887,n:m,
27127,850540,n:1,
55687,851529,01:01,958368
79087,855764,01:01,923072
6300,852265,n:m,
6300,852931,n:m,
6300,856425,n:m,
6300,850803,n:m,
5600,852265,n:m,
5600,852931,n:m,
5600,856425,n:m,594063
5600,850803,n:m,
9997,852325,n:1,
1375,854965,n:1,
56852,850430,01:01,594697
4968,854942,01:01,870490
10093,853856,n:1,960071
HUMAN20466,853856,n:1,
55831,853628,01:01,
6396,850905,01:01,538170
491,852878,n:1,
10533,856576,01:01,944666
HUMAN20524,852185,01:01,823158
27258,851159,01:01,885381
26061,856694,01:01,
285381,852207,01:01,773698
5868,853884,n:m,
5868,855631,n:m,
5868,854256,n:m,
6138,850716,1:m,944692
6138,855150,1:m,
7155,855636,n:1,959125
54995,856790,01:01,593547
201595,852862,n:1,810586
23171,851539,n:m,894370
23171,854095,n:m,
10015,854449,1:m,593720
10015,856021,1:m,
4292,855203,01:01,861799
5333,855860,n:1,857384
30,854646,01:01,
9942,853108,01:01,712410
11280,853131,n:1,
54977,851439,01:01,769028
3921,853128,1:m,947428
3921,850737,1:m,
10289,855477,n:1,
51099,851703,n:m,
51099,850788,n:m,
23395,851098,01:01,531125
22908,853668,01:01,537428
4634,852772,n:1,
51372,850967,01:01,588413
5210,853286,n:1,
65010,856111,n:1,
5576,854778,n:1,
788,852401,n:m,
788,854267,n:m,769018
788,854297,n:m,
788,856171,n:m,
10425,853887,n:1,538363
HUMAN20878,855919,01:01,847935
3615,856626,n:m,933169
3615,851152,n:m,
3615,854948,n:m,
5859,854339,01:01,923941
2876,852546,n:m,
2876,854855,n:m,
2876,853842,n:m,
387,856294,n:1,564958
275,851582,n:1,792807
HUMAN20910,851582,n:1,
HUMAN20918,851504,01:01,593686
84315,852753,n:1,589134
2779,856741,n:m,
2779,856394,n:m,
10991,852189,n:m,
10991,856855,n:m,
2771,856741,n:m,
2771,856394,n:m,
11070,854043,01:01,575437
9136,856255,01:01,868674
57060,852533,n:1,
11344,852971,n:1,
80335,853851,01:01,593817
26354,856723,01:01,931758
91869,852261,01:01,914388
7086,852414,n:m,551719
7086,856188,n:m,
776,853131,n:1,
93973,854309,01:01,724419
26059,851018,n:1,
57406,855801,01:01,
5162,852522,01:01,551717
8309,852667,n:1,947021
9861,856223,01:01,917581
115286,855729,01:01,769020
8801,853159,n:1,
7110,853031,01:01,
9039,856179,01:01,702202
55164,854702,01:01,957240
2632,856705,01:01,796802
25978,853825,n:1,
1371,851614,01:01,894113
56954,851065,01:01,806493
9868,856517,1:m,
9868,855602,1:m,593679
6152,852852,1:m,
6152,853051,1:m,950357
22989,856418,n:1,
64422,855741,01:01,960716
HUMAN21308,851936,01:01,
54762,850501,01:01,
2932,855170,01:01,593816
2960,853840,01:01,914861
54554,852472,n:1,
3836,855532,n:1,
201562,853348,n:1,
4171,852258,01:01,860074
80325,854816,01:01,896597
11343,853768,01:01,
HUMAN21453,851095,n:1,
8607,851771,01:01,957905
6184,853455,01:01,876723
7879,855012,01:01,
7555,855466,n:1,
22820,855429,n:1,879051
27032,852709,n:1,712678
51560,850966,n:1,564994
9276,852740,01:01,593809
55186,852491,n:m,769023
55186,854672,n:m,
55186,854811,n:m,
55186,856712,n:m,
54464,852702,01:01,827649
5357,851707,n:1,
285195,852066,n:1,
57047,853563,n:1,
5359,853563,n:1,840106
1360,856533,n:1,
1359,856533,n:1,
83939,852945,01:01,881908
5912,850392,n:1,
9197,852521,01:01,593702
8833,855257,01:01,770899
7881,855385,n:m,
7881,856017,n:m,
85476,850758,01:01,593533
10051,850775,01:01,593736
80117,856056,n:1,
151742,851558,01:01,594849
51068,856575,01:01,957398
HUMAN21796,850509,n:1,
56648,853506,n:1,936285
6514,851352,n:m,
6514,851943,n:m,
6514,851944,n:m,
6514,851946,n:m,
6514,851995,n:m,
6514,852108,n:m,
6514,852149,n:m,
6514,856640,n:m,
6514,850536,n:m,
6514,856492,n:m,
6514,856494,n:m,
6514,856496,n:m,
6514,853236,n:m,
6514,853216,n:m,
6514,853623,n:m,
6514,850770,n:m,
6514,855023,n:m,
6514,855398,n:m,
6514,855809,n:m,
6514,854009,n:m,
6514,854050,n:m,
254827,854430,01:01,
79718,852399,n:1,594288
59345,854387,n:1,
8975,852349,n:1,
54165,850819,n:1,931040
8893,851797,01:01,593812
1173,854092,01:01,590078
55324,850561,01:01,593559
10195,852196,01:01,898355
5708,856422,01:01,576466
HUMAN21925,851584,n:m,
HUMAN21925,853303,n:m,593591
5984,853531,01:01,
79572,854466,n:1,712687
55341,852779,01:01,931757
HUMAN21987,853367,01:01,
5062,854036,n:1,
80235,854320,01:01,
6165,854409,1:m,
6165,855960,1:m,819084
10861,856111,n:1,827027
HUMAN22091,854710,01:01,952431
8602,851407,01:01,960750
5522,852685,n:1,
93624,852059,n:1,
80273,854407,n:1,912925
8310,852667,n:1,
56606,851352,n:m,
56606,851943,n:m,
56606,851944,n:m,
56606,851946,n:m,
56606,851995,n:m,
56606,852108,n:m,
56606,852149,n:m,
56606,856640,n:m,
56606,850536,n:m,
56606,856492,n:m,
56606,856494,n:m,
56606,856496,n:m,
56606,853236,n:m,
56606,853216,n:m,
56606,853623,n:m,
56606,850770,n:m,
56606,855023,n:m,
56606,855398,n:m,
56606,855809,n:m,
56606,854009,n:m,
56606,854050,n:m,
9948,855117,01:01,593682
64151,851925,01:01,809132
1665,852757,01:01,938761
55276,855321,n:1,
5981,854392,01:01,593853
6133,852730,1:m,
6133,855658,1:m,947785
11019,854371,01:01,957891
3093,851757,01:01,593972
23244,855099,n:1,
HUMAN22348,853562,n:1,
10396,851207,n:1,712681
285525,853082,n:1,536567
60558,850996,01:01,961986
57205,851667,n:m,712703
57205,856913,n:m,
80157,850376,01:01,589558
79644,854762,01:01,873336
55858,852485,01:01,806603
132954,854456,n:1,
5471,855346,01:01,961235
6731,855891,01:01,
5431,854322,01:01,959350
253017,851547,n:1,
285521,852953,01:01,
441024,853955,n:1,
8999,856081,01:01,
55153,853160,01:01,538081
55752,851024,n:1,
152559,852102,n:m,
152559,854160,n:m,
84779,856404,n:1,948295
3184,853064,n:1,
9987,853064,n:1,
58478,856673,01:01,901586
HUMAN22606,851332,n:1,
27235,855778,01:01,
1040,852317,n:1,914929
5602,853696,01:01,
51170,855266,n:1,
1834,852897,01:01,
1758,855210,01:01,
5161,856925,n:1,
1977,854026,n:1,933369
23173,850945,01:01,958240
128,851386,n:1,874770
124,851386,n:1,
125,851386,n:1,
126,851386,n:1,
93587,854060,n:1,947117
3015,854150,n:1,
5530,851153,n:m,
5530,854946,n:m,
7323,852376,n:m,593831
7323,851631,n:m,
1062,851727,n:1,
27068,852296,01:01,
6164,854759,1:m,871354
6164,856784,1:m,
64850,854025,n:1,
54433,856489,01:01,593881
79071,850400,n:m,742793
79071,853243,n:m,
2028,856443,n:m,
2028,853699,n:m,
57721,850303,01:01,594385
9871,856498,01:01,
4085,853422,01:01,943047
83447,852250,n:m,
83447,852380,n:m,
83447,855078,n:m,
22824,852467,n:m,
22824,855998,n:m,593726
132430,856912,n:1,
23657,852946,n:m,
23657,856349,n:m,
80155,851521,n:1,743006
7350,851063,n:1,
8467,852547,n:m,
8467,854480,n:m,594728
6059,851665,01:01,593723
11157,851984,01:01,885382
84068,855050,01:01,808391
6189,851162,1:m,
6189,854939,1:m,925410
5188,852198,01:01,870541
84057,852692,01:01,918369
5356,855952,01:01,593833
2110,854538,01:01,713386
5481,850914,01:01,593936
92345,855599,01:01,597017
84076,852414,n:m,
84076,856188,n:m,551716
6307,852951,01:01,
1182,853497,n:1,923324
51166,852672,1:m,
51166,856539,1:m,
3148,855094,n:1,
133121,856699,n:1,
2180,854808,n:m,
2180,856734,n:m,594386
2180,855288,n:m,
2180,854495,n:m,
291,852250,n:m,
291,852380,n:m,769039
291,855078,n:m,
6389,853405,1:m,
6389,853709,1:m,818650
11336,854742,01:01,835098
84246,856297,01:01,916643
54888,852257,01:01,
22948,853527,01:01,584366
134147,851248,01:01,
90441,852569,01:01,951992
64083,851978,n:1,831846
6897,854732,n:1,940939
55299,854078,01:01,937682
134218,855495,01:01,594203
64902,854025,n:1,918222
9631,852199,1:m,878241
9631,856842,1:m,
5562,852088,n:1,
HUMAN23298,852111,1:m,
HUMAN23298,850882,1:m,
3157,854913,n:1,856883
53918,855731,01:01,
493869,852546,n:m,
493869,854855,n:m,
493869,853842,n:m,903969
23517,853397,01:01,937633
79993,850400,n:m,
79993,853243,n:m,
27292,855862,01:01,
51194,855978,01:01,931019
54557,854168,n:1,
57486,850301,n:1,
1022,851450,01:01,
102157402,851388,01:01,952788
730394,850691,n:1,
8293,851473,n:1,756898
8293,851473,n:1,
2966,850691,n:1,589082
3842,852305,n:1,
689,856070,n:1,
HUMAN23490,855118,01:01,850371
84340,853342,01:01,
10412,856863,01:01,960842
HUMAN23507,853056,n:1,
10788,855834,01:01,
8546,853177,01:01,
1719,854411,01:01,
4437,850454,01:01,959210
6228,853015,01:01,958452
153339,1466516,01:01,914577
902,856136,01:01,931529
1070,854431,n:1,594024
2745,852124,01:01,946513
64167,856443,n:m,
64167,853699,n:m,
4012,856443,n:m,
4012,853699,n:m,
1105,856911,n:1,593993
23262,851126,01:01,952249
83594,852813,01:01,
134430,851125,01:01,593677
7905,856140,n:1,866054
5229,852722,01:01,
51014,852675,n:1,
1176,853429,n:1,
3295,853878,01:01,566473
5480,851733,n:m,
5480,851898,n:m,594982
5480,856454,n:m,
5480,854897,n:m,
28965,852329,n:1,
3094,851432,01:01,941193
23305,854808,n:m,
23305,856734,n:m,
23305,855288,n:m,
23305,854495,n:m,
10111,855471,01:01,593739
3308,852467,n:m,594869
3308,855998,n:m,
7416,854692,n:m,960394
7416,855669,n:m,
6500,851928,01:01,960562
5515,851339,n:m,915385
5515,851421,n:m,
7320,852822,n:1,
51128,855883,n:1,
10802,854697,1:m,593865
10802,855678,1:m,
9879,852539,01:01,
153328,852401,n:m,769047
153328,854267,n:m,
153328,854297,n:m,
153328,856171,n:m,
8697,856571,01:01,593996
2107,852440,01:01,960534
3313,856682,1:m,
3313,853503,1:m,593534
7322,852376,n:m,
7322,851631,n:m,594343
3035,856145,n:1,959043
23438,856145,n:1,
83884,852401,n:m,
83884,854267,n:m,
83884,854297,n:m,
83884,856171,n:m,
8841,852681,01:01,895759
81555,853082,n:1,
51520,855943,01:01,531129
5521,852685,n:1,
134266,854407,n:1,
1836,856111,n:1,
6208,850397,1:m,
6208,853248,1:m,915052
206358,853710,01:01,
9443,853985,01:01,898887
54974,852908,01:01,784635
3161,854370,n:1,
345630,851548,n:1,
57222,851256,n:1,
51121,852922,n:m,
51121,851058,n:m,
94081,854445,n:1,958307
84321,855468,01:01,
253314,854026,n:1,
27166,851766,n:m,
27166,850865,n:m,
27166,850890,n:m,841693
54732,851264,n:m,
54732,852882,n:m,
54732,856510,n:m,944161
55651,851319,01:01,956067
3182,853064,n:1,
85007,854025,n:1,
821,851241,01:01,
9945,853757,n:1,
10399,855143,01:01,593698
55770,851744,01:01,896333
56897,855503,01:01,593537
7280,850506,n:1,956351
347733,850506,n:1,
8899,855783,01:01,
57128,856774,01:01,
10667,856160,01:01,953101
83732,854286,01:01,593859
51000,855832,n:1,
55003,853847,01:01,594181
54898,850400,n:m,
54898,853243,n:m,
10486,855584,n:1,
HUMAN24564,855034,n:1,
57380,856045,01:01,
7915,852291,01:01,
221613,852283,n:m,
221613,851811,n:m,
255626,852284,n:m,
255626,851810,n:m,
8351,852295,n:1,
121504,852294,n:1,
121504,852294,n:1,
8351,852295,n:1,
8335,852283,n:m,
8335,851811,n:m,
3018,852284,n:m,
3018,851810,n:m,
8351,852295,n:1,
121504,852294,n:1,
8347,852284,n:m,
8347,851810,n:m,731218
8334,852283,n:m,957731
8334,851811,n:m,
3017,852284,n:m,
3017,851810,n:m,
8347,852284,n:m,731219
8347,851810,n:m,
121504,852294,n:1,
HUMAN24619,852283,n:m,
HUMAN24619,851811,n:m,
8351,852295,n:1,
8347,852284,n:m,
8347,851810,n:m,
121504,852294,n:1,
8347,852284,n:m,
8347,851810,n:m,
8335,852283,n:m,
8335,851811,n:m,
8351,852295,n:1,
121504,852294,n:1,
8351,852295,n:1,
8345,852284,n:m,
8345,851810,n:m,
8351,852295,n:1,
8347,852284,n:m,
8347,851810,n:m,
121504,852294,n:1,
8970,852284,n:m,
8970,851810,n:m,
8336,852283,n:m,
8336,851811,n:m,
121504,852294,n:1,
85236,852284,n:m,
85236,851810,n:m,
85235,852283,n:m,
85235,851811,n:m,
8340,852284,n:m,
8340,851810,n:m,
8336,852283,n:m,
8336,851811,n:m,
8351,852295,n:1,
8331,852283,n:m,
8331,851811,n:m,
8342,852284,n:m,
8342,851810,n:m,
121504,852294,n:1,
121504,852294,n:1,
8336,852283,n:m,
8336,851811,n:m,
8336,852283,n:m,
8336,851811,n:m,
8351,852295,n:1,
121504,852294,n:1,
8351,852295,n:1,
8336,852283,n:m,
8336,851811,n:m,
8348,852284,n:m,
8348,851810,n:m,
2880,852546,n:m,
2880,854855,n:m,
2880,853842,n:m,
203068,850506,n:1,
2968,855981,01:01,879803
394263,854173,01:01,
100507679,854836,01:01,
7919,851475,n:1,593829
534,856435,n:1,
HUMAN24798,854204,n:1,
HUMAN24799,854204,n:1,538642
HUMAN24816,851401,01:01,959212
7407,852986,01:01,531126
57819,852255,01:01,861473
3305,851259,n:m,
3305,852203,n:m,595378
3305,856840,n:m,
3305,850636,n:m,
3303,851259,n:m,
3303,852203,n:m,
3303,856840,n:m,
3303,850636,n:m,596502
3303,851259,n:m,
3303,852203,n:m,
3303,856840,n:m,
3303,850636,n:m,
6499,851114,01:01,937634
1797,852646,01:01,836308
10554,851508,n:1,
6293,852095,01:01,
6222,852061,01:01,911355
9277,856815,01:01,955030
10471,850897,01:01,945114
4736,852742,01:01,960453
HUMAN24958,855256,n:1,
1432,852265,n:m,
1432,852931,n:m,
1432,856425,n:m,
1432,850803,n:m,593771
5225,855949,n:1,
705,852549,01:01,945773
89845,853198,n:1,
9533,856226,01:01,950983
57510,851935,01:01,857491
5429,852028,01:01,
55362,850942,n:m,556873
55362,855308,n:m,
2030,851211,n:1,538098
3326,855224,n:m,917685
3326,855836,n:m,
347734,855832,n:1,807132
8464,852001,01:01,869447
22875,856699,n:1,
59084,856699,n:1,
5232,850370,n:1,961203
HUMAN25190,856680,01:01,
26268,850786,01:01,867625
2729,853344,01:01,902734
5558,853821,01:01,922296
HUMAN25244,855587,n:1,
25821,852616,01:01,959965
1915,852415,n:1,
55754,850456,n:m,959893
55754,855784,n:m,
6785,851087,n:1,
5238,856652,01:01,899140
4199,853839,n:1,897186
57038,851942,1:m,955045
57038,856491,1:m,
23195,850796,01:01,593848
51805,854057,01:01,583595
892,855706,01:01,594002
10973,853187,01:01,909289
9474,855954,01:01,779069
84816,855183,01:01,
55278,855338,01:01,771956
8724,854539,n:1,
246269,856658,01:01,952136
9896,855392,01:01,537429
51362,851968,01:01,593832
262,854105,01:01,860272
84154,853956,01:01,539167
117247,853659,n:m,
117247,854030,n:m,
117247,854483,n:m,
3066,855386,n:1,895762
100128327,853942,n:1,
51389,851730,01:01,901853
3841,855532,n:1,
57515,851682,n:1,
51020,852777,01:01,923880
60487,853996,01:01,898148
383,855993,n:1,
8417,854201,n:1,
6206,854551,01:01,853977
9519,856891,01:01,916385
154091,851352,n:m,
154091,851943,n:m,
154091,851944,n:m,
154091,851946,n:m,
154091,851995,n:m,
154091,852108,n:m,
154091,852149,n:m,
154091,856640,n:m,
154091,850536,n:m,
154091,856492,n:m,
154091,856494,n:m,
154091,856496,n:m,
154091,853236,n:m,
154091,853216,n:m,
154091,853623,n:m,
154091,850770,n:m,
154091,855023,n:m,
154091,855398,n:m,
154091,855809,n:m,
154091,854009,n:m,
154091,854050,n:m,593997
5191,851720,01:01,959988
134637,853417,01:01,
25902,852378,n:m,
25902,853118,n:m,
55005,851876,01:01,884867
79624,855042,01:01,
6648,856399,01:01,957323
6950,851798,01:01,584371
56895,851581,n:1,954268
51660,852800,n:1,
5689,852239,01:01,953667
5575,854778,n:1,
51608,854335,01:01,852839
8379,852794,n:1,594167
29960,852741,01:01,961852
8662,854543,01:01,960993
2768,856741,n:m,
2768,856394,n:m,
56903,853871,01:01,724292
26100,850577,n:1,
222962,851211,n:1,
60,850504,n:1,550400
5395,855642,01:01,861800
11014,852240,n:1,840260
10124,856056,n:1,
HUMAN26031,852211,n:m,
HUMAN26031,856836,n:m,
HUMAN26031,856375,n:m,
340273,853671,n:1,
54205,856672,1:m,942499
54205,853507,1:m,
3181,853064,n:1,
2617,852418,1:m,961439
2617,856196,1:m,
23658,856889,01:01,952636
23080,850805,01:01,
HUMAN26174,851024,n:1,589427
27072,851653,01:01,
5683,854882,01:01,530164
51619,852376,n:m,
51619,851631,n:m,
28988,850450,01:01,
5224,853705,n:1,
5425,853462,01:01,882504
2645,850614,1:m,
2645,852639,1:m,872978
10652,853638,01:01,894494
29881,856101,n:1,
54606,850982,01:01,593700
222068,851264,n:m,944156
222068,852882,n:m,
222068,856510,n:m,
4967,854681,n:1,959560
5478,851733,n:m,
5478,851898,n:m,
5478,856454,n:m,
5478,854897,n:m,594794
94239,854150,n:1,957730
23480,851659,01:01,896915
346288,851024,n:1,
908,851768,n:1,584370
51142,855014,01:01,941322
435,856411,01:01,952023
27297,853442,01:01,891247
51119,850709,01:01,956643
55695,855709,01:01,759423
114049,850414,01:01,920809
6804,855221,n:m,575450
6804,855844,n:m,
83451,852919,01:01,863379
5982,854059,01:01,593654
3092,855478,n:1,
HUMAN26452,856438,01:01,888080
4191,853777,1:m,936147
4191,853994,1:m,
2770,856741,n:m,
2770,856394,n:m,950670
346562,856741,n:m,
346562,856394,n:m,
5244,853671,n:1,
5243,853671,n:1,
55972,853173,n:1,769032
1595,856398,01:01,905251
5166,854769,n:m,
5166,852821,n:m,
57001,852123,01:01,825523
440,853025,1:m,
440,856268,1:m,
8295,856499,01:01,737931
10095,852536,01:01,
8896,850427,01:01,724350
4176,852501,01:01,860076
2783,854387,n:1,
56996,852537,01:01,834266
HUMAN26727,850868,n:1,
51024,854745,01:01,849804
5439,854157,n:1,931424
HUMAN26758,854157,n:1,
HUMAN26768,854157,n:1,
222236,856001,01:01,
HUMAN26777,850860,01:01,852434
5701,853712,01:01,593683
HUMAN26781,856111,n:1,
5001,855460,01:01,
6733,855256,n:1,594023
54517,854417,01:01,948620
5577,854778,n:1,805905
11062,851121,01:01,
5172,856111,n:1,
1811,856111,n:1,
1738,850527,01:01,845287
83943,855051,01:01,772718
830,853862,n:1,822358
8976,854353,n:1,594394
55131,856063,01:01,594056
3614,856626,n:m,
3614,851152,n:m,933166
3614,854948,n:m,
9296,852903,01:01,957695
23534,854331,n:1,575408
7328,856704,01:01,593869
1358,856533,n:1,
51200,856533,n:1,
93979,856533,n:1,
1357,856533,n:1,
26958,855429,n:1,
60412,856168,01:01,800212
84912,856714,01:01,807133
231,852446,n:m,
231,851974,n:m,
231,856504,n:m,
231,853559,n:m,
231,854287,n:m,
57016,852446,n:m,
57016,851974,n:m,
57016,856504,n:m,
57016,853559,n:m,
57016,854287,n:m,
441282,852446,n:m,
441282,851974,n:m,
441282,856504,n:m,
441282,853559,n:m,
441282,854287,n:m,
669,853705,n:1,
6718,852446,n:m,
6718,851974,n:m,
6718,856504,n:m,
6718,853559,n:m,
6718,854287,n:m,
50617,855076,n:m,
50617,854444,n:m,
90956,855995,01:01,855838
27010,854314,01:01,949235
8454,851424,01:01,539577
9601,850314,n:m,
9601,852130,n:m,
1020,856076,01:01,
114483834,856758,01:01,
6604,855757,n:1,
6009,850392,n:1,564950
57180,853528,n:1,
1804,856423,n:m,
1804,854394,n:m,
155435,852405,01:01,
55326,852330,01:01,
4482,856765,01:01,754677
2222,856597,01:01,885956
7991,854252,n:1,865420
51201,852070,n:1,
526,852424,n:1,810387
5533,851153,n:m,
5533,854946,n:m,915388
55909,850367,01:01,539065
9583,856722,n:1,
51312,853308,n:m,
51312,853926,n:m,
5520,852685,n:1,
55246,855162,01:01,
55140,856019,01:01,902878
HUMAN27645,853502,01:01,901401
2936,856014,01:01,845288
5516,851339,n:m,
5516,851421,n:m,
84549,851208,01:01,902791
11212,852244,01:01,934940
84513,851878,n:1,
3620,853541,n:1,
169355,853541,n:1,704296
84296,852100,01:01,951452
7419,854692,n:m,
7419,855669,n:m,
6575,852599,n:1,
4173,856130,01:01,860079
7336,852793,n:1,
6917,852839,n:1,904416
10434,850809,n:1,
29088,855436,01:01,
6224,856371,01:01,961455
137886,852222,n:1,775927
10565,851748,n:1,574828
57094,856533,n:1,586083
23471,856386,01:01,
6129,852804,1:m,
6129,855903,1:m,
6921,856061,01:01,948147
79752,855567,01:01,926487
92421,850712,n:1,
245972,851168,n:1,
HUMAN28013,856373,n:1,936610
54704,854257,n:1,
7381,852142,01:01,
6156,852853,01:01,941892
HUMAN28071,854760,1:m,928429
HUMAN28071,856785,1:m,
26986,850579,01:01,
83988,851979,n:1,
HUMAN28104,853427,n:1,
51582,853651,n:1,
528,853782,n:1,874580
81034,852491,n:m,
81034,854672,n:m,769026
81034,854811,n:m,
81034,856712,n:m,
HUMAN28121,850649,01:01,904448
1807,854845,n:1,
56943,1466445,01:01,
84294,854165,01:01,892754
79075,850344,01:01,929389
28998,854321,01:01,962001
HUMAN28212,852225,01:01,
6713,853086,01:01,713390
116447,854156,n:1,899446
HUMAN28347,856744,n:1,
26873,853665,01:01,
54512,853109,01:01,939508
8733,850777,01:01,934853
1537,854231,01:01,959179
51236,853099,01:01,936955
23246,855068,01:01,960707
29894,851895,01:01,752332
51160,856040,01:01,923187
2875,851690,n:m,871708
2875,850778,n:m,
6132,850590,01:01,
55871,855763,n:1,
50808,856917,n:1,
10171,854152,01:01,910437
26953,855356,n:1,
2731,855227,01:01,733855
10670,854918,n:1,
6194,852479,01:01,892901
HUMAN28558,850704,01:01,957283
1993,850346,n:m,
1993,855728,n:m,
3301,855661,n:1,
51510,852097,01:01,530110
4799,855708,01:01,594360
360,856322,01:01,
65083,852982,01:01,958545
2592,852306,01:01,872522
HUMAN28650,855725,n:1,
7415,851431,01:01,593650
7016,855897,01:01,
7169,855645,n:1,
9380,855447,01:01,
HUMAN28709,855473,01:01,954345
158234,854060,n:1,
51010,854023,01:01,539745
219,856804,n:m,
219,855205,n:m,
219,855206,n:m,
219,854556,n:m,
219,856044,n:m,
644019,855763,n:1,
220869,855763,n:1,
445571,855763,n:1,
5239,853732,n:m,899141
5239,855131,n:m,
5568,853275,n:m,
5568,853688,n:m,
5568,855898,n:m,
23137,854123,01:01,593699
9615,851360,01:01,946897
216,856804,n:m,
216,855205,n:m,
216,855206,n:m,
216,854556,n:m,
216,856044,n:m,
138199,855632,01:01,
23230,850619,n:1,
9630,856741,n:m,
9630,856394,n:m,
2776,856741,n:m,950671
2776,856394,n:m,
29968,854356,01:01,949637
414328,851835,01:01,
60560,856657,01:01,
54769,850392,n:1,
10558,855342,01:01,
3376,852202,01:01,531128
8789,851092,n:1,
2203,851092,n:1,862313
3293,852456,n:1,
11046,852647,01:01,
85365,852815,01:01,843422
HUMAN28976,853644,n:1,
10592,850589,01:01,593546
5887,856674,n:1,845619
8518,851100,01:01,870694
7295,853123,n:m,
7295,850732,n:m,
255220,853123,n:m,
255220,850732,n:m,
HUMAN29028,856355,01:01,803835
22949,854908,n:1,
401548,853416,n:1,
9128,856307,01:01,593671
81932,855160,01:01,
210,852842,01:01,960807
54107,852260,01:01,884529
9550,856435,n:1,850771
5695,854328,01:01,953668
11224,851336,01:01,892988
81873,854748,01:01,738118
5537,851513,n:m,915379
5537,851647,n:m,
5537,855766,n:m,
3309,853418,01:01,593661
29988,851352,n:m,
29988,851943,n:m,
29988,851944,n:m,
29988,851946,n:m,
29988,851995,n:m,
29988,852108,n:m,
29988,852149,n:m,
29988,856640,n:m,
29988,850536,n:m,
29988,856492,n:m,
29988,856494,n:m,
29988,856496,n:m,
29988,853236,n:m,
29988,853216,n:m,
29988,853623,n:m,
29988,850770,n:m,
29988,855023,n:m,
29988,855398,n:m,
29988,855809,n:m,
29988,854009,n:m,
29988,854050,n:m,
6136,852026,01:01,961367
6812,851742,n:1,785278
138428,856596,01:01,
2356,854415,01:01,531077
203,853844,n:1,
51117,851785,01:01,830259
10999,852329,n:1,594066
81605,854809,01:01,891642
2021,853222,01:01,775384
883,853386,n:1,
57171,852924,01:01,943419
1384,854965,n:1,853480
5524,855951,01:01,947564
28989,852564,n:1,912316
23048,856514,n:1,594287
23413,851979,n:1,593795
445,854096,01:01,
10585,853608,01:01,593757
6130,856352,1:m,574894
6130,850682,1:m,
6834,853009,01:01,
6836,853201,01:01,944406
11182,851352,n:m,
11182,851943,n:m,
11182,851944,n:m,
11182,851946,n:m,
11182,851995,n:m,
11182,852108,n:m,
11182,852149,n:m,
11182,856640,n:m,
11182,850536,n:m,
11182,856492,n:m,
11182,856494,n:m,
11182,856496,n:m,594281
11182,853236,n:m,
11182,853216,n:m,
11182,853623,n:m,
11182,850770,n:m,
11182,855023,n:m,
11182,855398,n:m,
11182,855809,n:m,
11182,854009,n:m,
11182,854050,n:m,
8019,851115,01:01,594607
11091,852472,n:1,594000
23203,856419,01:01,852435
10555,851508,n:1,594085
8721,854474,01:01,902255
91373,851455,n:1,
11253,853595,n:1,722673
27158,856161,01:01,888083
10383,850506,n:1,
4512,854598,01:01,593619
4513,854622,01:01,826984
4508,854601,01:01,
4514,854627,01:01,
4519,854583,01:01,593601
293,852250,n:m,
293,852380,n:m,
293,855078,n:m,
207063,854420,n:1,
5613,853275,n:m,594717
5613,853688,n:m,
5613,855898,n:m,
8226,853833,01:01,
6907,852399,n:1,
1183,853497,n:1,
3052,851192,01:01,588797
5634,852211,n:m,938464
5634,856836,n:m,
5634,856375,n:m,
6399,852556,n:1,926253
5277,855928,01:01,843424
8905,850868,n:1,932982
56474,852241,n:m,
56474,853567,n:m,961335
5931,856654,n:1,
5160,856925,n:1,953422
1964,855302,n:1,935412
1968,856746,n:1,593643
5165,854769,n:m,
5165,852821,n:m,
5422,855621,01:01,838167
139420,855520,n:1,
5009,853357,01:01,774866
347411,852800,n:1,
HUMAN29752,854379,n:m,
HUMAN29752,855984,n:m,
7317,853670,01:01,936503
92745,852189,n:m,
92745,856855,n:m,
24140,852353,01:01,961854
7454,854353,n:1,
10245,853298,n:1,
778,853131,n:1,
389856,855263,n:1,
1184,853497,n:1,
23708,851752,n:1,594219
8243,850540,n:1,593750
3028,851444,01:01,
90121,851154,01:01,928893
5207,853286,n:1,
27301,852262,01:01,
212,851818,01:01,859132
10325,854918,n:1,920817
286451,852676,01:01,
158835,854419,n:1,
139562,856373,n:1,
3476,855043,01:01,857031
347516,854419,n:1,
158833,854419,n:1,553462
56159,854737,01:01,
HUMAN30009,854539,n:1,773614
6191,856610,n:1,
340529,854497,n:1,
340529,854497,n:1,601290
4674,853922,n:1,
389874,855466,n:1,596517
6567,853659,n:m,
6567,854030,n:m,
6567,854483,n:m,
22,855347,01:01,593594
158866,852070,n:1,
84061,854252,n:1,
538,851862,n:1,
441531,853705,n:1,
5230,850370,n:1,
140886,856912,n:1,
29935,855404,n:1,
1678,853600,n:1,
HUMAN30128,856544,n:1,
100529097,856544,n:1,
5631,852211,n:m,
5631,856836,n:m,938462
5631,856375,n:m,
5716,853147,01:01,594068
2182,854808,n:m,594204
2182,856734,n:m,
2182,855288,n:m,
2182,854495,n:m,
57529,853616,01:01,
5063,854036,n:1,
79868,852835,01:01,851376
5358,851707,n:1,
292,852250,n:m,769040
292,852380,n:m,
292,855078,n:m,
7319,852822,n:1,593710
79576,853967,01:01,
8450,852886,n:1,
28985,856725,01:01,947683
2747,851237,n:m,
2747,854557,n:m,
57187,855583,01:01,
6594,852547,n:m,593844
6594,854480,n:m,
51114,850947,n:1,846162
10813,854881,n:1,
10479,852066,n:1,594192
HUMAN30425,851666,n:1,593837
3149,855094,n:1,
1069,854431,n:1,
50814,852883,n:1,593870
492,852878,n:1,
10134,851487,01:01,
215,853647,n:m,
215,855956,n:m,
HUMAN30512,855256,n:1,
3421,855691,n:1,
HUMAN30525,856404,n:1,
6134,850764,n:1,922948
2664,856876,n:1,953826
HUMAN30572,855480,01:01,921809
1736,850872,01:01,955315
7411,852969,01:01,960214
6192,856610,n:1,
8653,854379,n:m,596157
8653,855984,n:m,
9086,855302,n:1,
140032,856610,n:1,
